{
  "$schema": "https://ui.shadcn.com/schema/registry.json",
  "name": "ncdai",
  "homepage": "https://chanhdai.com/components",
  "items": [
    {
      "name": "utils",
      "type": "registry:lib",
      "title": "Utility Functions",
      "author": "ncdai <dai@chanhdai.com>",
      "dependencies": [
        "clsx",
        "tailwind-merge"
      ],
      "files": [
        {
          "path": "src/lib/utils.ts",
          "type": "registry:lib"
        }
      ]
    },
    {
      "name": "use-controllable-state",
      "type": "registry:hook",
      "title": "Controllable State Hook",
      "files": [
        {
          "path": "src/hooks/use-layout-effect.tsx",
          "type": "registry:hook"
        },
        {
          "path": "src/hooks/use-controllable-state.ts",
          "type": "registry:hook"
        }
      ]
    },
    {
      "name": "theme-switcher",
      "type": "registry:component",
      "title": "Theme Switcher",
      "author": "ncdai <dai@chanhdai.com>",
      "description": "A theme switcher component for Next.js apps with next-themes and Tailwind CSS, supporting system, light, and dark modes.",
      "dependencies": [
        "next-themes",
        "lucide-react",
        "motion"
      ],
      "registryDependencies": [
        "@ncdai/utils"
      ],
      "files": [
        {
          "path": "src/registry/theme-switcher/theme-switcher.tsx",
          "type": "registry:component"
        }
      ],
      "docs": "https://chanhdai.com/components/theme-switcher-component"
    },
    {
      "name": "flip-sentences",
      "type": "registry:component",
      "title": "Flip Sentences",
      "author": "ncdai <dai@chanhdai.com>",
      "dependencies": [
        "motion"
      ],
      "registryDependencies": [
        "@ncdai/utils"
      ],
      "files": [
        {
          "path": "src/registry/flip-sentences/flip-sentences.tsx",
          "type": "registry:component"
        }
      ]
    },
    {
      "name": "apple-hello-effect",
      "type": "registry:component",
      "title": "Apple Hello Effect",
      "author": "ncdai <dai@chanhdai.com>",
      "description": "Create a Xin chào and Hello writing effect inspired by Apple using Motion for React.",
      "dependencies": [
        "motion"
      ],
      "registryDependencies": [
        "@ncdai/utils"
      ],
      "files": [
        {
          "path": "src/registry/apple-hello-effect/apple-hello-effect.tsx",
          "type": "registry:component"
        }
      ],
      "docs": "https://chanhdai.com/components/writing-effect-inspired-by-apple"
    },
    {
      "name": "wheel-picker",
      "type": "registry:component",
      "title": "Wheel Picker",
      "author": "ncdai <dai@chanhdai.com>",
      "description": "iOS-like wheel picker for React with smooth inertia scrolling and infinite loop support.",
      "dependencies": [
        "@ncdai/react-wheel-picker"
      ],
      "registryDependencies": [
        "@ncdai/utils"
      ],
      "files": [
        {
          "path": "src/registry/wheel-picker/wheel-picker.tsx",
          "type": "registry:component"
        }
      ],
      "docs": "https://chanhdai.com/components/react-wheel-picker"
    },
    {
      "name": "work-experience",
      "type": "registry:component",
      "title": "Work Experience",
      "author": "ncdai <dai@chanhdai.com>",
      "description": "Displays a list of work experiences with role details and durations.",
      "dependencies": [
        "react-markdown",
        "lucide-react"
      ],
      "devDependencies": [
        "@tailwindcss/typography",
        "tw-animate-css"
      ],
      "registryDependencies": [
        "@ncdai/utils",
        "collapsible",
        "separator"
      ],
      "files": [
        {
          "path": "src/registry/work-experience/work-experience.tsx",
          "type": "registry:component"
        }
      ],
      "cssVars": {
        "light": {
          "background": "oklch(1 0 0)",
          "muted": "oklch(0.967 0.001 286.375)",
          "muted-foreground": "oklch(0.552 0.016 285.938)",
          "border": "oklch(0.92 0.004 286.32)"
        },
        "dark": {
          "background": "oklch(0.141 0.005 285.823)",
          "muted": "oklch(0.274 0.006 286.033)",
          "muted-foreground": "oklch(0.705 0.015 286.067)",
          "border": "oklch(0.274 0.006 286.033)"
        }
      },
      "css": {
        "@import \"tw-animate-css\"": {},
        "@plugin @tailwindcss/typography": {}
      },
      "docs": "https://chanhdai.com/components/work-experience-component"
    },
    {
      "name": "shimmering-text",
      "type": "registry:component",
      "title": "Shimmering Text",
      "author": "ncdai <dai@chanhdai.com>",
      "description": "Smooth shimmering text animation built with Motion.",
      "dependencies": [
        "motion"
      ],
      "registryDependencies": [
        "@ncdai/utils"
      ],
      "files": [
        {
          "path": "src/registry/shimmering-text/shimmering-text.tsx",
          "type": "registry:component"
        }
      ]
    },
    {
      "name": "slide-to-unlock",
      "type": "registry:component",
      "title": "Slide to Unlock",
      "author": "ncdai <dai@chanhdai.com>",
      "description": "A sleek, interactive slider inspired by the classic iPhone OS 'slide to unlock' gesture.",
      "dependencies": [
        "motion"
      ],
      "registryDependencies": [
        "@ncdai/utils",
        "@ncdai/shimmering-text"
      ],
      "files": [
        {
          "path": "src/registry/slide-to-unlock/slide-to-unlock.tsx",
          "type": "registry:component"
        }
      ],
      "docs": "https://chanhdai.com/components/slide-to-unlock"
    },
    {
      "name": "wheel-picker-block-01",
      "type": "registry:block",
      "registryDependencies": [
        "@ncdai/wheel-picker"
      ],
      "files": [
        {
          "path": "src/registry/examples/wheel-picker-demo.tsx",
          "type": "registry:component"
        }
      ]
    },
    {
      "name": "wheel-picker-block-02",
      "type": "registry:block",
      "dependencies": [
        "react-hook-form",
        "@hookform/resolvers",
        "zod"
      ],
      "registryDependencies": [
        "@ncdai/wheel-picker",
        "form",
        "button",
        "sonner"
      ],
      "files": [
        {
          "path": "src/registry/examples/wheel-picker-form-demo.tsx",
          "type": "registry:component"
        }
      ]
    },
    {
      "name": "work-experience-block-01",
      "type": "registry:block",
      "registryDependencies": [
        "@ncdai/work-experience"
      ],
      "files": [
        {
          "path": "src/registry/examples/work-experience-demo.tsx",
          "type": "registry:component"
        }
      ]
    },
    {
      "name": "slide-to-unlock-block-01",
      "type": "registry:block",
      "registryDependencies": [
        "@ncdai/slide-to-unlock"
      ],
      "files": [
        {
          "path": "src/registry/examples/slide-to-unlock-demo-1.tsx",
          "type": "registry:component"
        }
      ]
    },
    {
      "name": "slide-to-unlock-block-02",
      "type": "registry:block",
      "registryDependencies": [
        "@ncdai/slide-to-unlock"
      ],
      "files": [
        {
          "path": "src/registry/examples/slide-to-unlock-demo-2.tsx",
          "type": "registry:component"
        }
      ]
    },
    {
      "name": "slide-to-unlock-block-03",
      "type": "registry:block",
      "registryDependencies": [
        "@ncdai/slide-to-unlock"
      ],
      "files": [
        {
          "path": "src/registry/examples/slide-to-unlock-demo-3.tsx",
          "type": "registry:component"
        }
      ]
    }
  ]
}