{
  "$schema": "https://ui.shadcn.com/schema/registry-item.json",
  "name": "slide-to-unlock-block-01",
  "type": "registry:block",
  "registryDependencies": [
    "@ncdai/slide-to-unlock"
  ],
  "files": [
    {
      "path": "src/registry/examples/slide-to-unlock-demo-1.tsx",
      "content": "\"use client\";\n\nimport { toast } from \"sonner\";\n\nimport { ShimmeringText } from \"@/registry/shimmering-text\";\nimport {\n  SlideToUnlock,\n  SlideToUnlockHandle,\n  SlideToUnlockText,\n  SlideToUnlockTrack,\n} from \"@/registry/slide-to-unlock\";\n\nexport default function SlideToUnlockDemo1() {\n  return (\n    <SlideToUnlock onUnlock={() => toast.success(\"Unlocked!\")}>\n      <SlideToUnlockTrack>\n        <SlideToUnlockText>\n          {({ isDragging }) => (\n            <ShimmeringText text=\"slide to unlock\" isStopped={isDragging} />\n          )}\n        </SlideToUnlockText>\n        <SlideToUnlockHandle />\n      </SlideToUnlockTrack>\n    </SlideToUnlock>\n  );\n}\n",
      "type": "registry:component"
    }
  ]
}