{
  "$schema": "https://ui.shadcn.com/schema/registry-item.json",
  "name": "utils",
  "type": "registry:lib",
  "title": "Utility Functions",
  "author": "ncdai <dai@chanhdai.com>",
  "dependencies": [
    "clsx",
    "tailwind-merge"
  ],
  "files": [
    {
      "path": "src/lib/utils.ts",
      "content": "import type { ClassValue } from \"clsx\";\nimport { clsx } from \"clsx\";\nimport { twMerge } from \"tailwind-merge\";\n\nexport const cn = (...inputs: ClassValue[]) => {\n  return twMerge(clsx(inputs));\n};\n",
      "type": "registry:lib"
    }
  ]
}